{"stat.chestOpened":2,"stat.useItem.rtm.item_train":11,"stat.useItem.minecraft.splash_potion":286,"stat.drop.minecraft.wooden_pickaxe":1,"stat.leaveGame":4,"stat.pickup.minecraft.iron_sword":9,"stat.useItem.minecraft.diamond_sword":19,"stat.useItem.rtm.item_motorman":2,"stat.pickup.rtm.item_large_rail":1,"stat.jump":143,"stat.swimOneCm":959,"stat.useItem.cfm.couch":1,"stat.useItem.cfm.item_knife":4,"stat.fallOneCm":1260,"stat.killEntity.ellie":6,"stat.useItem.minecraft.stone_axe":11,"stat.pickup.minecraft.porkchop":4,"stat.crouchOneCm":2091,"stat.useItem.rtm.item_large_rail":2,"stat.pickup.minecraft.dirt":3,"stat.useItem.minecraft.dirt":2,"stat.useItem.minecraft.stone_slab2":79,"stat.pickup.minecraft.bow":9,"stat.craftingTableInteraction":2,"stat.pickup.minecraft.splash_potion":2,"stat.craftItem.minecraft.stone_axe":1,"stat.killEntity.jenny":1,"stat.pickup.minecraft.leather":5,"stat.craftItem.minecraft.stone_pickaxe":1,"stat.useItem.minecraft.wooden_pickaxe":6,"stat.pickup.minecraft.cobblestone":6,"stat.drop.sexmod.allies_lamp":1,"stat.pickup.minecraft.diamond_leggings":1,"stat.flyOneCm":980089,"stat.pickup.minecraft.bed":1,"stat.useItem.rtm.marker":37,"stat.pickup.minecraft.wheat_seeds":1,"stat.damageDealt":3417,"stat.timeSinceDeath":7963,"stat.killEntity.Cow":4,"stat.mineBlock.minecraft.dirt":3,"stat.useItem.minecraft.spawn_egg":16,"stat.craftItem.minecraft.wooden_pickaxe":1,"stat.pickup.minecraft.mutton":13,"stat.walkOneCm":50917,"stat.useItem.cfm.bedside_cabinet_oak":1,"stat.pickup.minecraft.crafting_table":2,"stat.useItem.minecraft.tnt":1,"stat.craftItem.minecraft.crafting_table":1,"stat.pickup.minecraft.log":3,"stat.useItem.minecraft.redstone_block":1,"stat.pickup.minecraft.beef":30,"stat.drop.rtm.effect":1,"stat.pickup.minecraft.sapling":2,"stat.sprintOneCm":27397,"stat.pickup.minecraft.wooden_door":2,"stat.useItem.rtm.installed_object":3,"stat.pickup.minecraft.apple":1,"stat.craftItem.minecraft.stick":8,"stat.pickup.minecraft.gold_ingot":2,"stat.useItem.rtm.item_vehicle":5,"stat.useItem.cfm.tv":1,"stat.pickup.cfm.present":1,"stat.craftItem.minecraft.planks":12,"stat.pickup.minecraft.diamond_helmet":1,"stat.mineBlock.minecraft.crafting_table":2,"stat.mobKills":21,"stat.pickup.minecraft.emerald":2,"stat.pickup.minecraft.diamond_chestplate":1,"stat.pickup.minecraft.diamond_boots":1,"stat.mineBlock.minecraft.log":3,"stat.pickup.minecraft.spawn_egg":64,"stat.deaths":3,"stat.drop":3,"stat.pickup.minecraft.diamond":2,"stat.playOneMinute":52734,"stat.killEntity.Sheep":7,"stat.sneakTime":1437,"stat.pickup.minecraft.wool":7,"stat.mineBlock.minecraft.stone":6,"stat.mineBlock.minecraft.tallgrass":4}